headline,label
Andy Pettitte Accepts a Pay Cut to Return to the Yankees,Regular
Strong Game by Hughes Upstages Offense,Regular
US actor Patrick McGoohan dead at age 80,Regular
26 Very Important Nonfiction Books You Should Be Reading,Clickbait
15 Behind-The-Scenes Pics Of Vance Joy From The 1989 World Tour,Clickbait
A Good Time to Remember Investment Fundamentals,Regular
27 Ways To Create The Perfect Travel-Inspired Nursery,Clickbait
"5 Stages Of The Yom Kippur Fast, Illustrated By Amy Schumer",Clickbait
11 Ways Make-Up Was So Much Worse In The '00s,Clickbait
Impossibly Cute DIY BFF Halloween Costumes,Clickbait
25 Incredibly Honest Reasons People Are Waiting To Have Sex,Clickbait
Microsoft extends warranty for all Xbox 360s,Regular
"Ryan Gosling Thinks ""The Big Short"" Co-Star Steve Carell Is A Liar",Clickbait
"NCAA Football: USC banned from bowl games for two seasons, wins vacated",Regular
21 Signs You Were Raised On Indiana Jones,Clickbait
A Whiff of Controversy and South African Wines,Regular
11 Types Of Hangover Everyone Has Had At Least Once,Clickbait
Ayatollah Ali Khamenei speaks about Iranian presidential election protests at prayers,Regular
29 Husbands Who Crushed This Whole Marriage Thing In 2015,Clickbait
Australian Senator arrives at Parliament dressed as a beer bottle,Regular
Iraq War Claims Its Oldest Combat Fatality,Regular
Discovery sheds light on flow of water in carbon nanotubes,Regular
26 Pictures Anyone Who's Celebrated Thanksgiving Will Recognize,Clickbait
This Is What Pizza Huts Look Like Now,Clickbait
Connecticut Men Keep Rolling in Big East Play,Regular
Here's How Orphan Black Fans Are Dealing With Tatiana Maslany's Emmy Loss,Clickbait
19 Celtic Names So Beautiful You'll Want To Have Children,Clickbait
Man throws shoe at President of Sudan during public conference,Regular
Comedians Cameron Esposito And Rhea Butcher Survive A Round Of Rapid Fire Questioning,Clickbait
South Korea and U.S. Raise Alert Level,Regular
S.E.C. Enforcement Officer Steps Down,Regular
Little Girls Are Ruining Their Hair With This Hot New Toy,Clickbait
Express Scripts Buys WellPoint Pharmacy Unit for $4.7 Billion,Regular
22 Things Only Cat Owners Understand About Cats,Clickbait
27 Things You Need To Know About Andy Grammer,Clickbait
Massachusetts Ponders Gas Tax Increase,Regular
"We Need To Talk About Emily Blunt In ""The Huntsman""",Clickbait
Are You More Like Dannii Or Kylie Minogue,Clickbait
I'm The Armless Archer And A Paralympic Silver Medalist,Clickbait
Tour de France: Tom Boonen wins stage 6,Regular
What Is Britney Spears Dreaming About In This Photo,Clickbait
This Group Is Sending Hand Sanitisers To Mark Zuckerberg For Each Victim Of The 2002 Gujarat Riots,Clickbait
These 17 Pastas Are Incredibly Creamy And Delicious,Clickbait
29 Nintendo Presents That Will 1-Up Your Gift-Giving Game,Clickbait
The 24 Best Literary Debuts Of 2015,Clickbait
7 Crucial Photo Strategies Everyone With A Big Head Should Know,Clickbait
Do You Know What A Bathroom Is,Clickbait
Double car bombing attack in Mosul kills 26,Regular
Church of England rejects compromise over women bishops,Regular
Bosnian football fan's suspected killer escapes police custody,Regular
Is This A Classic Literature Quote Or Indie Lyric,Clickbait
Former Chadian leader receives death sentence,Regular
"The One Person You Probably Never Noticed In Britney Spears' ""Piece Of Me"" Music Video",Clickbait
Chrysler and Union Agree to Deal Before Federal Deadline,Regular
Former Costa Rican president sentenced to jail on charges of corruption,Regular
South Africa prepares for elections,Regular
Toronto transit union threatens strike for Monday,Regular
Financial Journalists Fumble to Cover a Lasting Slump,Regular
5 Ridiculous Things Science Claimed About Bearded Men In 2015,Clickbait
10 Mouthwatering Pizza Facts,Clickbait
Sunnis withdraw from Iraqi government,Regular
Wall Street Cautious on Signs of Persistent Slump,Regular
17 Reasons Why Natural Hair Is Not A Good Look,Clickbait
Ousted Thai PM arrives in Cambodia to take up government post,Regular
Gibraltar police investigate suspicious death,Regular
7 Die as Police and Militants Clash in Southern Russia,Regular
19 Brutally Honest Confessions From A Summer Camp Leader,Clickbait
"11 Things You Need To Know About ""Room""",Clickbait
"Liberal Party of Australia win Bradfield, Higgins by-elections",Regular
Scotland sets date for referendum,Regular
I.B.M. Affirms Earnings Goal Despite Sales Slide,Regular
"New Orleans DirectNIC Offices, 'Outpost Crystal' visited by 82nd Airborne",Regular
Bill to Ease Rules on Development Divides Floridians,Regular
"Who Would You End Up With In ""Once Upon A Time"" Based On Your Zodiac Sign",Clickbait
"Which OTP From ""Scream Queens"" Is The Best",Clickbait
15 Charts And Graphs Anyone In A Longterm Relationship Will Understand,Clickbait
Coroner Adds to Questions in Italy Murder Case,Regular
Caboolture to play Maroochydore in 2013 Sunshine Coast Rugby Union Preliminary Final,Regular
Kofi Annan: Iraq situation much worse than civil war,Regular
17 Pictures That Perfectly Capture What It's Like To Have Pets,Clickbait
Some People Think Gigi Hadid Kinda Looks Like Fergie,Clickbait
13 Plant-Tastic Halloween Costumes,Clickbait
SpaceX Dragon spacecraft launches for the first time,Regular
"Here's Everything We Know About ""Game Of Thrones"" Season 6 (So Far)",Clickbait
"We Asked Jake Gyllenhaal And Jason Clarke Who They Would Bring On An ""Everest"" Climb",Clickbait
16 Great Moments Tori Kelly Had In 2015,Clickbait
Bushes Exchange Cold Day in Washington for Warm Homecoming in Texas,Regular
10 Jeans Hacks To Keep Your Look On Point,Clickbait
Can You Name The '90s R&B Track From A Single Screencap,Clickbait
"Police officer charged over double-death crash in Luton, UK",Regular
Profit Drops 95% at Bank of New York Mellon,Regular
"7.1 magnitude earthquake strikes Araucanía, Chile; no tsunami warning",Regular
Yahoo closes user-created chat rooms over sexual conduct,Regular
Kylie Jenner's Favorite Instagram Poet Wrote A Special Poem Just For Her,Clickbait
11 Surprising Never Nude Confessions,Clickbait
Brazilian soccer player's mother has been kidnapped,Regular
France confirms deportation of illegal Afghan immigrants,Regular
Here's Why Your Body Jerks Awake When You're Falling Asleep,Clickbait
Can You Guess Which City Enters The New Year First,Clickbait
When You Try Something New,Clickbait
17 Lohanthony Tweets That Will Speak To Your Soul,Clickbait
Death toll rises to eleven in K2 mountain avalanche,Regular
"Residents evacuated after partial building collapse in Buffalo, New York",Regular
New video released shows BBC journalist Alan Johnston wearing 'explosive belt',Regular
Scientific Santa Facts That Will Ruin Christmas,Clickbait
Did This Gossip Headline Happen In 2015 Or Not,Clickbait
"13 Adam Hills Rants By On ""The Last Leg"" That Nailed It",Clickbait
25 Photos That Meat Eaters Will Never Understand,Clickbait
Eddie Redmayne Occasionally Pays Rent For Drama Students,Clickbait
Scientists shocked at Great Barrier Reef bleaching,Regular
22.2% of secondary school students in Ireland drop out before the Leaving Cert,Regular
Latest Citigroup Rescue May Not Be Its Last,Regular
Congressman Thad McCotter to run for U.S. President,Regular
Natural gas discovered in Chile according to President Ricardo Lagos,Regular
The Most Confident Yearbook Photos Of All Time,Clickbait
Iraq election commission refuses recount of votes from parliamentary election,Regular
18 Hilarious Bollywood Movie Reviews From Commenters On Torrent Sites,Clickbait
"Swedish wrestler throws away Olympic bronze medal, leaves",Regular
How Did You Get Over Your Insecurities During Sex,Clickbait
24 Things Miley Cyrus Does Now That Hannah Montana Would Never Have Done,Clickbait
Ellen DeGeneres And North West Brushing My Little Pony's Hair Is Just Adorable,Clickbait
Anti-tax tea parties held across the USA,Regular
26 Tweets That Are WAY Too Real For Any Indian,Clickbait
When The WiFi Won't Connect,Clickbait
Booze Up Your Leftover Halloween Candy,Clickbait
"How Well Do You Actually Remember ""10 Things I Hate About You""",Clickbait
18 Decadent Ways To Have Cake For Breakfast,Clickbait
32 Times Tumblr Truly Nailed Your Star Sign In 2015,Clickbait
"Woman killed after train and car crash in Herefordshire, England",Regular
"24 Things You 100% Did Not Notice In ""Jurassic World""",Clickbait
People Are Posting Racist Comments On MAC's Instagram Of A Black Model,Clickbait
Czech Republic Minister of Transport banned from driving,Regular
Microsoft Network users experience international outage,Regular
Mark Zuckerberg Just Answered The Question That Every Facebook User Has Wanted To Ask Him,Clickbait
Past Corruption Taints New India,Regular
20 Pictures That Prove Mums Are Way Funnier Than We Give Them Credit For,Clickbait
Mysteries Remain After Governor Admits an Affair,Regular
17 Things People Who Love Food Know To Be True Around The Holidays,Clickbait
23 Movies Older Than Today's Year 7s,Clickbait
24 Times Boston Terriers Were The Cutest Dogs On The Internet,Clickbait
"Which Hogwarts Houses Do These ""HIMYM"" Characters Belong In",Clickbait
This Guy Spent Over 25 Years Taking Photos Of Himself With Celebrities As An Art Project,Clickbait
7 Easy Organizing Tricks You'll Actually Want To Try,Clickbait
Bernie Ecclestone attacked outside London headquarters; no arrests made,Regular
"The Isolated Vocal Track Of Freddie Mercury And David Bowie Singing ""Under Pressure"" Is Amazing",Clickbait
Who Is The Worst TV Mother,Clickbait
Kangaroos escape in France,Regular
"I Spent 45 Minutes In The ""Bigg Boss"" House And Here's What I Learned",Clickbait
World's tallest geyser erupts,Regular
The 50 Best Jaden Smith Tweets Of 2015,Clickbait
80 Are Killed in 3 Suicide Bombings in Iraq,Regular
"Though Hobbled, North Carolina Gets by Virginia Tech",Regular
Apple manager charged with taking over US$1 million in kickbacks from suppliers,Regular
If You Don't Get 100 On This Quiz You Are A Fucking Moron,Clickbait
Gannett Reports a 60% Fall in  Quarterly Profit,Regular
"Australian offshore drilling rig leaks oil, could take weeks to plug",Regular
Big Investor in Fortis Opposes Buyout by BNP,Regular
Indian aviation sector hit by financial trouble; domestic traffic at five-year low,Regular
This Muslim Professor Is Offering To Treat People To A Pork Meal To Stand Up Against Intolerance,Clickbait
Trio found with €440 million of cocaine receive a total of 85 years imprisonment,Regular
Egyptian archaeologist finds artifacts which may lead to Cleopatra's tomb,Regular
Clinton Offers Words of Reassurance While in Japan,Regular
20 BuzzFeed Articles It's Probably OK That I Never Finished,Clickbait
"Identifying the Bird, When Not Much Bird Is Left",Regular
Cargo plane crash in Sudan leaves seven dead with one survivor,Regular
Pigskin A Blanket: NFL Week 12 Picks,Clickbait
Europeans Debate Castration of Sex Offenders,Regular
British Report Urges New Rules on Bank Pay,Regular
Families appeal to Spain's government to negotiate with Somali pirates,Regular
UK's most-read papers found to be in contempt of court,Regular
I Used To Be Ashamed Of My Fear. Then I Started Training As An Acrobat,Clickbait
More than a dozen reported dead after Syrian protests,Regular
"Chrysler files for bankruptcy, Fiat Group SpA to run company",Regular
Should You Date A Member Of One Direction Or 5 Seconds Of Summer,Clickbait
Nelson Mandela dies aged 95,Regular
Gunmen Kill U.N. Official in Pakistan,Regular
"'Explosive' Haitian cholera outbreak kills 292, neighboring countries prepare",Regular
Insurgents kill several people in Baghdad as Iraq's parliamentary elections start,Regular
What's The Worst Thing A Bug Has Ever Done To You,Clickbait
Do You Know Which Social Network Is Older,Clickbait
Survivor of Both A-Bombs Is Certified,Regular
Floods in South Africa wreak havoc,Regular
How Many Of These Food Network Stars Would You Sleep With,Clickbait
A Group Of People Tried Journaling Every Day For A Month And It Got A Little Too Introspective,Clickbait
We Put Sandra Bullock And Billy Bob Thornton's Friendship To The Test,Clickbait
"Jennifer Lawrence, Josh Hutcherson, And Liam Hemsworth Prove True Friendship Love Exists",Clickbait
"13 Movies That Have Iconic Mermaids That Aren't ""The Little Mermaid""",Clickbait
Google provides Gmail access to American cell phone customers,Regular
Fireball lights up sky across Canadian prairies,Regular
"No talks until IRA ""criminal activity"" dealt with",Regular
Man on Florida bus threatened with knife for praising Michael Jackson,Regular
Are You More Kylie Jenner's Lips Or Kim Kardashian's Butt,Clickbait
The Tennis Racket,Clickbait
U.S. Navy forced to give up on Burma relief,Regular
23 People Who Should Not Have Tweeted In 2015,Clickbait
2007 German League Cup: Bayern Munich wins 6th League Cup,Regular
Pigskin A Blanket: NFL Conference Championship Picks,Clickbait
21 Struggles People Who Aren't Messy Will Never Get,Clickbait
Mistake-Prone Mets Lose in 12th,Regular
16 Confessions From Librarians That'll Surprise You,Clickbait
"This New Cafe Is Every ""Friends"" Fan's Dream Come True",Clickbait
"Indiana State Fair stage collapse kills four, injures forty",Regular
21 Gifts To Give Yourself When Adulting Is Too Hard,Clickbait
Americans Try Brazilian Sweets,Clickbait
'Bloody Sunday Inquiry' publishes report into British Army killing of activists in Northern Ireland,Regular
Thief steals over €6 million worth of jewels from Paris store,Regular
"Nathan Sykes Plays A Game Of ""Never Have I Ever"" And It's Adorable",Clickbait
"The Hardest ""Fuck, Marry, Kill"" Game Ever For Beauty Addicts",Clickbait
13 Ways To Secretly Nap At The Office,Clickbait
Ethnic Fighting Erupts in Sudan,Regular
US Congress House panel OKs big cut in public broadcasting funds,Regular
"Mother, child found dead in Minneapolis collapse site",Regular
"It Looks Like We're Getting Some Amazing New Characters In ""Guardians Of The Galaxy 2""",Clickbait
Al Qaeda: 'Blair brought destruction to the heart of London',Regular
"Taxing, a Ritual to Save the Species",Regular
G.M. and Union Reach Deal on Contract Changes,Regular
21 Awesome Holiday Things You Can Actually Find At Target,Clickbait
"How Many Of The Books Mentioned On ""Gilmore Girls"" Have You Read",Clickbait
"42 Things I Thought During ""American Horror Story: Hotel"" Episode 7",Clickbait
"US jobless claims lower than forecast, futures rise",Regular
Bill Murray Came To BuzzFeed And Gave Us Some Damn Good Life Advice,Clickbait
"For G.M. and Chrysler, Aid Tied to Restrictions",Regular
New gambling review could jeopardize UK's 'supercasino' plans,Regular
Luis Fortuño is elected new governor of Puerto Rico,Regular
Who Said It: Lorde Or Audre Lorde,Clickbait
14 Honest Instagrams About Fall,Clickbait
Proof That National Treasure Shia LaBeouf Transcended In 2015,Clickbait
People Stick Their Head Through A Hole And Are Surprised With Puppies,Clickbait
Fans Have Doubts as Fordham Basketball Struggles,Regular
9 Women In Movies Who Somehow Brought In All The Money This Year,Clickbait
How Brown-Eyed Parents Can Have A Blue-Eyed Kid,Clickbait
Obama Again Raises Estimate of Jobs His Stimulus Plan Will Create or Save,Regular
12 Corporate Mascots From Your Childhood Who Weren't As Cool As They Thought,Clickbait
German Football: Lahm signs contract with Bayern Munich until 2012,Regular
Oreo Marshmallow Treats Are The Stuff Dreams Are Made Of,Clickbait
Nine US troops killed in Afghanistan as Taliban attack base,Regular
"FedEx cargo jet crashes in Narita, burns",Regular
20 Signs That Definitely Have A Hilarious Story Behind Them,Clickbait
Penguins Could End the Reign of the Red Wings,Regular
26 Times Taylor Swift Was You AF,Clickbait
Here's Why Your Pee Smells Horrible After You Eat Asparagus,Clickbait
"U.S. Program Lends a Hand to Banks, Quietly",Regular
Which Australian TV High School Should You Go To,Clickbait
13 Things You Can Stop Feeling Bad About Right Now,Clickbait
"Small plane makes crash landing in Massachusetts, USA",Regular
Greek debt deal reached,Regular
Free Internet-Calling Services for Cellphones,Regular
"Fashion Designer Rachel Roy On Her New ""Curvy"" Collection And Inspiring Women",Clickbait
"The ""High School Musical"" Cast Reveals Facts You Probably Didn't Know",Clickbait
Is Your BFF A Big Baby,Clickbait
"The First ""Finding Dory"" Trailer Is Here And It Suggests How Dory Went Missing",Clickbait
26 Seriously Fucked-Up Things People Have Done To Their Sims,Clickbait
There's A Hilarious Reason Everyone's Sharing This Poster For Tom Hardy's New Film,Clickbait
Musical Show of Unity Upsets Many in Israel,Regular
England and New Zealand vie for Women's Cricket World Cup,Regular
34 Movie-Inspired Cakes All Film Fans Will Appreciate,Clickbait
"For Traveling Mothers, Hurdles in Pumping Breast Milk",Regular
Study of soft cheese wins oddest book title award,Regular
Annual rich list shows Ireland now has six billionaires,Regular
Turkish Premier Reaches Out in an Important Kurdish City,Regular
A Strong Week   Ends on Down Note,Regular
Should Black Cars Be Banned,Clickbait
24 Tweets About Sleep Guaranteed To Make You Laugh,Clickbait
Meet The Inspiring Plus-Size Pole Dancer,Clickbait
We Know Your Favorite Dog Breed Based On These Random Questions,Clickbait
NASA mission finds water on the Moon,Regular
"Pirate Bay case: Internet group attacks websites in ""Operation Baylout""",Regular
Awkward Selfie Stick Prank,Clickbait
"Yankees defeat Indians, 9-4; win 7 of last 8 heading into the All-Star break",Regular
MDC pulls out of Zimbabwe elections,Regular
Torture and Death Recounted at Cambodian Trial,Regular
This Is Why Soy Milk Goes Funny In Your Coffee,Clickbait
"For Palm, Some Tough Smartphone Acts to Follow",Regular
16 Facts That Don't Sound Right But Are Actually True,Clickbait
Tornadoes rampage through Mississippi,Regular
What Are Your Memories Of David Bowie,Clickbait
Russian government confirms gay protesters to be arrested at Olympics,Regular
Report finds Canberra and Northern Territory have most expensive cocaine in Australia,Regular
"Blue Jays Are Holding First Place, and Their Breath",Regular
"Jack Black Is Super Creepy As R.L. Stine In The New ""Goosebumps"" Movie",Clickbait
17 Times Wednesday Addams Truly Spoke To Your Soul,Clickbait
A.P. in Deal to Share Investigative Work From Nonprofit Groups,Regular
Which 2015 Meme Are You Based On Your Zodiac Sign,Clickbait
First beta of Windows API 'Wine' released,Regular
What New Song Should You Listen To On Repeat This Weekend,Clickbait
Web News Start-Up Has Its Eye on Texas,Regular
18 Reasons Why No Country Should Ever Accept Refugees,Clickbait
Tonga renews emergency regulations,Regular
Man Is Arrested in Obama Threat,Regular
Belt-Tightening by N.F.L. Could Dampen Free Agency,Regular
15 Game-Changing Eyeliner Charts If You Suck At Makeup,Clickbait
US Chief Justice candidate John Roberts' nomination goes to full Senate,Regular
"People Think Adele's New Song Sounds Like ""Trap Queen""",Clickbait
Tucson gunman appears in court for Giffords shooting,Regular
15 Important Reminders For Anyone Who Wants To Lose Weight This Year,Clickbait
Meghan Trainor And Charlie Puth Made Out For An Uncomfortably Long Time At The AMAs,Clickbait
"Chinese activist severely beaten by ""mob""",Regular
"The ABCs According To ""The Hunger Games""",Clickbait
This Dad Just Built The Most Incredible Tree Fort In His Daughter's Bedroom,Clickbait
17 Secretly Healthy Drunk Foods,Clickbait
"UNHCR: 200,000 people displaced by violence in Yemen",Regular
24 Spectacular One-Tier Wedding Cakes,Clickbait
A Bride Shared A Special Wedding Dance With The Man Who Saved Her Life,Clickbait
18 Insanely Clever And Beautifully Decorated Cookies,Clickbait
Belle Was Literally The Fucking Worst,Clickbait
17 Cosplayers Get Real About The Importance Of Fictional Characters,Clickbait
"In Minnesota, Big Moment for a Temple for Hindus",Regular
"25 Pictures That Are Way, Way Too Real For All Cat Owners",Clickbait
17 Jokes Guaranteed To Make Arsenal Fans Laugh,Clickbait
Strip-Search Case Tests How Far Schools Can Go,Regular
"Ryan Reynolds Got Dunked On ""Ellen"" To Raise Money For Make-A-Wish Foundation",Clickbait
9 Police Officers Are Killed by Taliban in Afghanistan,Regular
Bankers  Point to the Rules as the Problem,Regular
Blu-ray Player From Samsung Mounts on a Wall,Regular
14 Duets That Prove Two Voices Are Better Than One,Clickbait
"Black Friday Shopper Camps Out For Entire Week, Is Not Fucking Around",Clickbait
Supreme Court Hears Challenge to Identity-Theft Law in Immigration Cases,Regular
Clinton speaks at Rabin memorial service,Regular
President Bush may veto amendment that bans detainee mistreatment,Regular
Here's All Of The Famous Faces Who Attended London Fashion Week,Clickbait
Find Out What You Should Watch On Netflix This February,Clickbait
Hackers attack Islamic Republic of Iran Broadcasting website,Regular
"Tom Hanks And Jimmy Fallon Act Out ""Bridge Of Spies"" In Its Truest Form",Clickbait
"Driver fined after following sat-nav to edge of cliff in West Yorkshire, England",Regular
New Gabonese president names new government,Regular
15 People Who Have Been Personally Victimized By Winter Salt Stains,Clickbait
Shriver speaks out over Schwarzenegger’s affair and love child,Regular
Woman in Binghamton Athletics Files Harassment Complaint,Regular
"There's A New Trailer For The ""Sherlock"" Christmas Special And It's Pure Magic",Clickbait
What Accessory Should You Get Based On Your Favorite Food,Clickbait
Study Halves Prediction of Rising Seas,Regular
14 Ways Trays Can Make Your Space Feel More Put-Together,Clickbait
Not To Freak Anyone Out But I Think Olivier Martinez Is Hoarding All The Baguettes,Clickbait
Victims of Shooting at Iraq Clinic Include a Psychiatrist and a Young Private,Regular
Literally Just 46 Photos Of Scotland Looking Sexy As Hell,Clickbait
Target Customers Were Confused When Porn Played Loudly Over The Intercom,Clickbait
"23 Times Andy Dwyer From ""Parks & Rec"" Was Wrong About Everything",Clickbait
Canada wins gold at IIHF World Junior Hockey Championship,Regular
Emotions Run High Against Hornets as Knicks Halt Skid,Regular
Australian rules football: West Gippsland Football League Semi Finals,Regular
We Know Your Go-To Monopoly Piece Based On Your Zodiac Sign,Clickbait
17 Clever Products That Will Make Chores Suck Less,Clickbait
Napster founder Shawn Fanning introduces new file-sharing project,Regular
Russian Firm  Buys a Stake in Facebook,Regular
18 Parents Who Are Tired Of Their Children's Facebook Shit,Clickbait
Scientists say that a 'global layer of water' exists on Saturn's moon Titan,Regular
"Dial-a-Mattress, in Bankruptcy, Will Sell to Rival",Regular
7 Incredible Things We Learned About Jennifer Lawrence From Her Glamour Magazine Interview,Clickbait
Leaked online: UK Home Office non-disclosure agreement with ID card companies,Regular
31 Elf On The Shelf Ideas Guaranteed To Win Christmas,Clickbait
This Instagram Of People Putting Objects On Their Eyeballs Will Make You Cringe,Clickbait
Round 1 Ticket Holders to Get Rain Checks or Refunds,Regular
"President Bush of the United States authorized NSA surveillance of citizens, bypassing court warrants",Regular
Favorites and a Few Surprises Emerge at Wimbledon,Regular
21 Animals You Should Have Been Following In 2015,Clickbait
Taiwan's cabinet resigns,Regular
"Ryan Reynolds Really Didn't Mind Being Nude On The ""Deadpool"" Set",Clickbait
"FYI, There's A Man In Kolkata Who Supplies America With Drugs To Execute Criminals",Clickbait
Zach Johnson Wins Sony Open,Regular
Karzai Urges Taliban to Cast Votes,Regular
30 brightly coloured mummies discovered in Egyptian necropolis,Regular
Representative Tom DeLay not seeking future Majority Leader position,Regular
How the Media Wrestle With the Web,Regular
"Wait for the Next Edition of the Cool-er, a Kindle Rival",Regular
What Happens When Flies Land In Your Food,Clickbait
Thousands to celebrate twenty years since fall of Berlin Wall,Regular
I Pretended To Be Salad On Tinder And This Is What Happened,Clickbait
Tropical Storm Olaf forms in the Pacific,Regular
"A Placid Man on Land, Caught in a Pirate Drama at Sea",Regular
"NHL: Penguins defeat Thrashers, catch Devils",Regular
17 Reasons Why Older Leo DiCaprio Is Better Than Young Leo DiCaprio,Clickbait
Long-running TV clown marks 50 years since debut,Regular
21 Awesome Ways To Bring The Outdoors Into Your Home,Clickbait
Five Toronto teenagers charged with armed robbery,Regular
Finger found in frozen custard by North Carolina man,Regular
U.S. soldiers kill 9 suspected al-Qaeda members near Baghdad,Regular
Dion leads Ignatieff heading into final ballot of Canadian Liberal vote,Regular
Damaged DNA Evidence Shrinks Serial Killer Case,Regular
This One Question Will Tell You If You Are A Good Driver Or Not,Clickbait
American comedic actor Dom DeLuise dies at age 75,Regular
"Obama, at Caterpillar Plant, Lobbies for Stimulus Package",Regular
John M. Spratt Jr.,Regular
"Tom Cruise orders €14,500 takeaway meal",Regular
"We Know Your Favorite ""Game Of Thrones"" Moment Based On Your Opinions About ""GoT""",Clickbait
"The Best Jim And Pam Moments, Ranked In Order Of Cuteness",Clickbait
"Which Chanel From ""Scream Queens"" Are You",Clickbait
Dozens killed in Mexican prison riots,Regular
"26 Times ""The Osbournes"" Were The Funniest Family On TV",Clickbait
17 Reasons Tina Belcher Is The Best Role Model For Young Girls,Clickbait
Pope Benedict XVI announces visit to United Kingdom,Regular
21 Struggles Of Being An Attractive Person,Clickbait
Washington Train Crash Prompts Safety Warning,Regular
14 Mugs That Perfectly Sum Up 2015,Clickbait
23 Hilarious Tweets About Shia LaBeouf Watching His Own Movies,Clickbait
Things My Dick Does Is Dick Pics You Might Actually Want To See,Clickbait
23 Things Only Girls With Small Boobs Will Understand,Clickbait
24 Celebrities Who Look So Similar It's Damn Creepy,Clickbait
New Protections for Transgender Federal Workers,Regular
Homeless in Sacramento Tent City Will Be Moved to State Fairground,Regular
Liam Payne's Shirtless Selfie Is Causing Mass Hysteria,Clickbait
Everyone Is Freaking Out That Twitter Is Switching To An Algorithmic Timeline,Clickbait
Proms performance by Israel Philharmonic Orchestra disrupted,Regular
Australian Bureau of Statistics faces budget cut,Regular
Belgian prime minister offers resignation,Regular
Trial date set for fraud case against Church of Scientology in France,Regular
"Jimmy Fallon Is Getting His Own Ride At Universal Based On The ""Tonight Show""",Clickbait
Canadian annual seal hunt begins amid controversy,Regular
21 Things That Are Goddamn Disappointing Every Fucking Time,Clickbait
A Midwestern Wind Infuses the U.S. With Zip and Zing,Regular
A Cellphone That Is Made With the Environment in Mind,Regular
21 Genius Ways To Eat Peanut Butter And Jelly,Clickbait
31 Thoughts Everyone Has After A Bad Haircut,Clickbait
Women Try To Put On Lipstick With A Selfie Stick,Clickbait
Obama decides against the release of graphic photos of bin Laden,Regular
"How Well Do You Actually Know Belle From ""Beauty And The Beast""",Clickbait
"Mad Men Mashes Up Perfectly With ""Parks And Rec"" And It's Hilarious",Clickbait
UN convoy attacked by gunman in Ivory Coast as peacekeeping forces ordered to leave country,Regular
17 People Who Figured Out How To Organize Their Shit Better Than You,Clickbait
When Abuela Knows You're Sick,Clickbait
8 Ways To Deal With Dumb Questions About Canada,Clickbait
T.I. Doesn't Think A Woman Should Be President Of The United States,Clickbait
15 Delicious Pastas With No Meat,Clickbait
Leonardo DiCaprio Told Ellen About How He Almost Died On Two Separate Occasions,Clickbait
This Hot Bartender Is Possibly The Best Jeopardy Contestant Of All Time,Clickbait
61 Impossibly Tiny And Tasteful Tattoos,Clickbait
26 State Fair Foods From 2015 That Will Blow Your Mind,Clickbait
"The 27 Most Important Moments From ""Bake Off"" 2015",Clickbait
Perez Sets PGA Tour Record and Keeps Lead at Hope Classic,Regular
Irish win narrowly over Italy in RBS 6 opening match,Regular
"Dear World, There Is No 'Z' In 'Muslim'",Clickbait
Camps Challenge Skills and Will of U.S. Goalkeeper Perkins,Regular
"Wikinews holds a follow-up interview with Max Riekse, Constitution Party candidate for the 2008 U.S. presidential election",Regular
21 Photos Anyone Who Has Been Drunk AF Will Relate To,Clickbait
Pakistani Police Kill 5 Militants Linked to Taliban,Regular
These Spicy Slow Cooker Carnitas Are The Perfect Weeknight Dinner,Clickbait
Push in Spain to Limit Reach of the Courts,Regular
13 Halloween Decorations That Got Way Too Real,Clickbait
Criminal charges filed in Nov. 19 NBA brawl,Regular
"At Wal-Mart, Labels to Reflect Green Intent",Regular
Two police officers injured in Pentagon shooting incident,Regular
Portugal holds first same-sex marriage,Regular
Gary Player Says Goodbye to Masters After  Last Round in Heaven,Regular
Your Ex Vs. Your New Crush,Clickbait
"India, Pakistan begin next round of talks",Regular
US novelist John Updike dies age 76,Regular
What's The Weirdest Thing You've Gotten While Trick-Or-Treating,Clickbait
"Bernie Sanders Played His Own Ancestor Alongside Larry David On ""SNL""",Clickbait
Study suggests 48% of US soda fountain machines have coliform bacteria,Regular
People Make Their Ideal Starbucks Cup,Clickbait
"What Makes ""Butch"" Hot",Clickbait
Japanese tanker MV Chemstar Venus freed by Somali pirates,Regular
"13 People They Should Cast In The New All-Female ""Ocean's Eleven""",Clickbait
Chinese Golfer Makes a Name for Herself on L.P.G.A. Tour,Regular
Reading for Hard Times,Regular
Warner Music Is Singing Again,Regular
Here's Where Budget Travelers Actually Go On Vacation,Clickbait
Your Friend Who's Back From Traveling,Clickbait
How Well Do You Remember These Classic Sega Games,Clickbait
"We Need To Talk About Merlin On ""Once Upon A Time""",Clickbait
15 Things Only Super-Disciplined People Will Understand,Clickbait
Thai anti-government leaders escape capture,Regular
"Karachi's Diwalis Are Getting Quieter By The Year, And Here's Why",Clickbait
"This Librarian Decorated The Cupboard Under Her Stairs To Look Like ""Harry Potter""",Clickbait
Former Iranian president Hashemi Rafsanjani leads Friday prayers,Regular
17 Things You Realise After You Leave Your All-Girl School,Clickbait
UN carries out first review of US human rights record,Regular
We Know Your Personality Based On Your Birth Season,Clickbait
"AFC Asian Cup: Iraq shock Australia, Japan overcome UAE",Regular
"As Giants Break Camp, Coughlin Uses Lakers as Motivation",Regular
Here's 12 Awkward Christmas Gift Stories,Clickbait
Japanese nuclear officials race to avoid disaster as radiation levels in sea rocket,Regular
28 Memes That Pretty Much Sum Up Life In 2015,Clickbait
Australian rules football: Traralgon defeat Warragul in round 14 of 2010 Gippsland Football League season,Regular
"Please, Everyone, Stop Saying ""Squad Goals""",Clickbait
You Will Want To Marry And Have Babies With This Lumberjack Cake,Clickbait
14 Epic Video Game Romances That Will Level Up Your Heart,Clickbait
Can We Guess Your Favorite Chocolate Based On Your Zodiac,Clickbait
"Guys, ""America's Next Top Model"" Is Returning To TV",Clickbait
British actress Maggie Jones dies age 75,Regular
Timekeeping will pause into the New Year with a 'Leap Second',Regular
U.N. Official Says Darfur Continues to Crumble,Regular
These High School Boys Wore Dresses To School In Protest Of The Dress Code,Clickbait
We Know Your McDonald's Order Based On Your Birth Month,Clickbait
"Do You Know These Classic ""Star Wars"" Characters",Clickbait
How Many Of These Google Search Tricks Did You Know,Clickbait
Manufacturing Orders Are Rising in China,Regular
"Stricker Leaves Opening, and Clark Slips Into Lead at Colonial",Regular
Kyrgyzstan Insists U.S. Base to Close,Regular
Here's What Real Vegetarians Actually Eat,Clickbait
"Married Vs. Single: When To Say ""I Love You""",Clickbait
UK tube company Metronet goes into administration,Regular
Here's Justin Trudeau Walking The Wrong Way Up An Escalator For All Eternity,Clickbait
Spain legalizes same-sex marriage,Regular
Kylie Jenner Proves She Doesn't Wear Butt Pads By Showing Off Her Spanx,Clickbait
V.M.I. Revived by a High-Octane Offense,Regular
There's A Cheeky Nando's Music Video And It Is Insane,Clickbait
"Thai PM barred from politics, three parties dissolved",Regular
May Ends With a Winning Streak Intact,Regular
JPMorgan pays $2.6 billion in Madoff case,Regular
"How Well Do You Know The Lyrics To ""Hakuna Matata""",Clickbait
A Revolving Door of Editors and Publishers,Regular
Data Shows Deepening of Slump in Europe,Regular
"Clinton, in Visit to Haiti, Brings Aid and Promises Support",Regular
That Picture Of  Matthew Perry And Courteney Cox Everyone Is Talking About Is 10 Years Old,Clickbait
"Rapper Kanye West denounces Bush response, American media at hurricane relief telethon",Regular
The 22 Most Painfully Awkward Things That Happened In 2015,Clickbait
"In Wyoming, Debate Rages Over Elk Feeding Program",Regular
Canadians are contacting PM Stephen Harper about the war in Afghanistan,Regular
19 Photos Of Dogs Being Adorable During The Blizzard,Clickbait
Did You Actually Have Sex On Your Wedding Night,Clickbait
Pick A Heart To Get A Positive Message Just For You,Clickbait
"Matthew Edwards, honored Michigan police officer, shot and killed",Regular
26 Songs You Sweatily Grinded To At A Party In 2009,Clickbait
21 Things You'll Only Understand If You're A Girl Who Hates Feelings,Clickbait
Lessons (or Not) When a Start-Up Misses the Mark,Regular
13 Things All Slytherins Will Need In 2016,Clickbait
"Special report on Japanese tsunami emergency in Pichilemu, Chile",Regular
21 Reasons Why 2015 Was The Worst Year Canada Has Ever Seen,Clickbait
This Woman's Insanely Magical Instagram Will Make You Smile Every Damn Day,Clickbait
24 Things You'll Only Understand If You're Slightly Obsessed With Traveling,Clickbait
Che Guevara's ''Motorcycle Diaries'' companion dies,Regular
Wild storms lash New South Wales South Coast,Regular
Who Should Your Celebrity Girlfriend Be Based On Your Birth Month,Clickbait
Egyptian voters approve constitutional changes,Regular
Italian political leader threatens forcible rebellion against government,Regular
Abbott labs ends dispute with Brazilian government over AIDS drug,Regular
"With Explosions of Color, Tibetan Art Flourishes",Regular
97 Of The Best Things In The World,Clickbait
"Brie Larson's Response To Being Called An ""It Girl"" Will Make Your Day",Clickbait
What Were Your Favorite Reality TV Moments Of 2015,Clickbait
Mike Tyson arrested for jumping on car hood,Regular
24 Perfect Gordon Ramsay GIFs Perfect For Every Situation,Clickbait
Outlander Just Made A Big Casting Announcement,Clickbait
U.S. Senator Larry Craig to resign,Regular
What STD Are You,Clickbait
St Paul's cathedral to shut down following 'Occupy' protest,Regular
Here's Why You Get All Red When You Have Sex,Clickbait
President Bush signs U.S.-India nuclear deal,Regular
Amy Schumer And Amy Poehler Were Perfect Together At The Emmys,Clickbait
"Flu Spreads, but Some Countries Ease Measures",Regular
Bad weather makes life tougher for quake survivors,Regular
Gerard Butler Looked Like Grumpy Cat At The Golden Globes Afterparty,Clickbait
"Teachers, What Do You Actually Want For Christmas This Year",Clickbait
Here's How To Make An Easy One-Pot Winter Chili,Clickbait
Reminder: Lea Salonga Is A Real-Life Disney Princess,Clickbait
11 Times You're Actually #Blessed,Clickbait
Here's How A World Champion Runner Actually Eats And Trains,Clickbait
37 Things Donald Trump Is Probably Doing Today,Clickbait
"Wikinews interviews Brian Moore, Socialist Party USA presidential candidate",Regular
Burris Says Audiotape Confirms Innocence,Regular
"Do You Remember ""Northern Downpour"" By Panic! At The Disco",Clickbait
23 Jokes That Are Hilariously British,Clickbait
"25 Times ""10 Things I Hate About You"" Made You Fall Madly In Love",Clickbait
"Wikileaks release Afghan ""war logs"" in co-operation with mainstream media",Regular
The Most Delicious And Foolproof Way To Cook Salmon,Clickbait
Massive blackouts hit Florida,Regular
"In Hartford, Fans Still Harbor Hope for N.H.L. Team",Regular
Apple reveals new iPod shuffle with voice,Regular
"For Wright and Dixon, the Drama",Regular
Former science director sues Texas over intelligent design e-mail,Regular
Governments Deal New Blow to Drought-Stricken California Farmers,Regular
Prosecutors continue investigation as Livedoor faces possible delisting,Regular
Russia voids border treaty with Estonia,Regular
Keeping Alive the Day That Soccer Died,Regular
Around 240 Chilean protesters detained after anti-government demonstration,Regular
Man dies in Serbian enclave; could not call ambulance,Regular
21 Products On Sale For Under $25 You Should Totally Buy If You Love Color,Clickbait
22 Completely Bizarre Parts People Had In School Nativity Plays,Clickbait
Bringing Order to the Chaos of Notes,Regular
Can We Guess Your Hogwarts House Based On What You Like The Most,Clickbait
UK markets up despite London incident,Regular
What Role Would You Play In A Bank Heist,Clickbait
Woman appointed as Bucharest prefect,Regular
"Your Soulmate Tom Hiddleston Is Really, Really Good At Impressions",Clickbait
Top-Ranked Men and Women Focused on Australian Open Title,Regular
UK government stops compulsory testing of fourteen-year-olds,Regular
This New Hair Dyeing Technique Will Actually Give You Mermaid Hair,Clickbait
13 Awkward Moments That Happen When You Get Braces,Clickbait
Mutated strain of H1N1 virus detected in US and Norway,Regular
"UK ""terror bill"" passed after standoff",Regular
Greek opposition attacks government on wildfires tragedy,Regular
This Trans Woman Is Using Topless Photos To Challenge Facebook's Nipple Policy,Clickbait
British celebrity Jade Goody dies of cervical cancer at age 27,Regular
Sorry Everyone But Jack Dawson Was Actually The Worst,Clickbait
16 British Politicians Dramatically Altered With Man Buns,Clickbait
What's The Best Halloween Costume Your Kid Has Ever Worn,Clickbait
17 Books That Perfectly Capture The Immigrant Experience,Clickbait
21 Mind-Blowing Desserts You Need To Know About For The Holidays,Clickbait
We Gave Musicians An Elf On The Shelf And Here's What Happened,Clickbait
Queen JoJo Just Slayed All Your Faves (Except Adele) With This Powerful Tonight Show Performance,Clickbait
19 Perfect Gifts For Anyone Who's Fresh Out Of Fucks,Clickbait
Haitians Look for Shift in Immigration Policy,Regular
Unicef: African children orphaned by AIDS could top 18 million,Regular
"Paul Rudd, Seth Rogen, And Amy Schumer Are All In One Hilarious Super Bowl Commercial",Clickbait
"How Well Do You Remember Sawyer's ""Lost"" Nicknames",Clickbait
This Woman Perfectly Trolled Her Husband On His Wedding Ring,Clickbait
Overpowering Victory for Karlovic in Old-School Style,Regular
401 children from Texas sect compound taken into custody,Regular
A Sea Otter Learned How To Use An Inhaler After She Got Asthma,Clickbait
25 Things Teetotallers In Their Twenties Will Just Get,Clickbait
United States charges eleven in credit card fraud case,Regular
"Which Couple On ""Friday Night Lights"" Was Actually The Best",Clickbait
Dalai Lama Calls for Autonomy as Only Solution for Tibet,Regular
Lenders Pledge $31 Billion for Eastern and  Central Europe,Regular
"Nintendo Announced Cloud Will Be In ""Smash Bros"" And We Lost Our Minds",Clickbait
Osama to Obama: Bin Laden addresses US President,Regular
Apple sues Taiwanese mobile phone maker HTC,Regular
Former U.S. governor Palin signs TV deal with Fox News,Regular
"In Stem Cell Debate, Moral Suasion Comes Up Short",Regular
Sweden celebrates its first national day as a public holiday,Regular
Which Random '80s Movie Are You,Clickbait
NATO soldiers honour fallen Canadians,Regular
30 Things You Might Not Know About Emilie De Ravin,Clickbait
"As Week Ends, Shares Manage to Stay on Upside",Regular
Vote in India Reshapes Landscape,Regular
"You Need To See Gigi Hadid Naked On The Cover Of French ""Vogue""",Clickbait
Can You Answer These Embarrassing Body Questions,Clickbait
U.S. Drone Strike Said to Kill 60 in Pakistan,Regular
Mathematician Benoît Mandelbrot dies aged 85,Regular
23 Tumblr Posts That Hilariously Sum Up Having Boobs,Clickbait
Madoff jailed after pleading guilty to $50 billion fraud scheme,Regular
NHL: Ducks take commanding three game lead on Wild,Regular
Are You More Cara Delevingne Or Taylor Swift,Clickbait
The Moment The Relationship Becomes Long Distance,Clickbait
"Before She Was Famous, Katy Perry Was A Backup Singer For POD",Clickbait
17 Babysitting Horror Stories That Prove Kids Are The Worst,Clickbait
Bermuda Premier Escapes Censure Over Uighurs,Regular
"Truck carrying explosives crashes, explodes in Utah",Regular
Foot and mouth scare in New Zealand likely to be hoax,Regular
American Airlines plane overshoots runway in Jamaica; injuries reported,Regular
21 Things All Ulta Beauty Fans Will Understand,Clickbait
Armstrong Returns to Riding With a Purpose,Regular
Coming Out: 1st Time Vs. 101st Time,Clickbait
18 Times Canada Confused The Hell Out Of Everyone On Tumblr,Clickbait
My Mom And I Went To A Taylor Swift Concert And It Was Pure Magic,Clickbait
Daimler Cedes Its 19.9% Stake to Chrysler,Regular
"21 Things That Happened When We Visited The Set Of ""Friends""",Clickbait
Neil Entwistle agrees to extradition,Regular
33 Impossibly Cute Ways To Cover Your Body In Books,Clickbait
France Announces $8.5 Billion Plan to Help Struggling Auto Industry,Regular
22 Things You Need To Know About Emetophobia,Clickbait
The Slick Rise Of Vintage Masculinity,Clickbait
"On Abortion, Obama Is Drawn Into Debate He Had Hoped to Avoid",Regular
Dating Struggles For Extroverted Ladies,Clickbait
Ford Reports a Record $14.6 Billion Loss for 2008,Regular
This One Emoji Question Will Decide What Job You Should Have,Clickbait
This Is What A London Pigeon Actually Does All Day,Clickbait
How Well Do You Remember The Movies Of 2005,Clickbait
19 Clever Gifts For Anyone Who's Constantly On Their Phone,Clickbait
This Game Of MASH Will Make Your Middle School Dreams Come True,Clickbait
IPhone sales exceed BlackBerry,Regular
We Tested Four Long-Wear Lipsticks To See Which One Lasted The Longest,Clickbait
This Is The One R&B Song You Need To Listen To This Fall,Clickbait
"Why Dutch From ""Killjoys"" Is The Most Kick-Ass Woman On TV",Clickbait
23 Completely Insane Valentine's Day Weddings,Clickbait
UK actor Peter Postlethwaite dies aged 64,Regular
New book Blown for Good reveals details inside Scientology headquarters,Regular
Al Jazeera cameraman killed in eastern Libya,Regular
This Louisiana Sheriff Will Scare The Living Shit Out Of You,Clickbait
17 Mouthwatering Holiday Mains For Vegetarians,Clickbait
New Jersey jury convicts Florida man who claimed he was too fat for murder,Regular
UK to ban Islamist group,Regular
"Do You Actually Remember The First Episode Of ""The West Wing""",Clickbait
Another grenade attack in Thailand injures eight,Regular
This Is What $1 USD Gets You In Food All Around The World,Clickbait
IRA weapons decommissioned,Regular
"Hey, McDonald's: Fix Your Damn Ice Cream Machine",Clickbait
15 Surprising Actors Who Unknowingly Sparked My Sexual Awakening,Clickbait
18 People Who Probably Regret Becoming Stock Photo Models,Clickbait
Gift of footballs from United States offends Afghans inadvertently,Regular
"With Timberwolves Picking Rubio, the Knicks Want to Talk",Regular
17 Things Everyone Regrets Doing In Freshers' Week,Clickbait
Can You Identify These Celebrities By Their Smiles,Clickbait
"How Well Do You Remember ""I Write Sins Not Tragedies"" By Panic! At The Disco",Clickbait
We Need To Talk About Justin Bieber's Hair,Clickbait
"26 ""Harry Potter"" Quotes Made Hilarious By Replacing ""Wand"" With ""Penis""",Clickbait
Ogilvy Leads by 6 in Mercedes-Benz Championship,Regular
We Know If You Secretly Hate Adele,Clickbait
Can You Guess Which Number Comes Next In The Sequence,Clickbait
21 Things Only Non-Harry Potter Fans Know To Be True,Clickbait
Bus attack in India kills many,Regular
This Video Perfectly Sums Up What It's Like To Experience A Breakup,Clickbait
This Video Shows The Apollo Missions Like You've Never Seen Them Before,Clickbait
UN calls on international community to increase aid for Iraqi refugees,Regular
Lebanon car bombings kill dozens outside mosques,Regular
24 Tweets That'll Make You Feel Better About Your Student Debt,Clickbait
"16 Magical Pumpkins All ""Harry Potter"" Fans Need To See",Clickbait
Wikileaks.org restored as injunction is lifted,Regular
EU ban on 75W bulbs comes into force,Regular
A Girl Just Shut Down Her Complicated Math Homework With This Hilarious Response,Clickbait
12 Facts About Candles You Should Probably Know,Clickbait
19 Things You'll Only Understand If You're A Woman Who Hates Shaving,Clickbait
Halloween Party Drinks To Spook Your Friends,Clickbait
"Helping Keep a City Clean, and Maybe Safer",Regular
"Target Is Pulling This ""Star Wars"" Shirt For Boys That Writes Leia Out Of The Scene",Clickbait
Former Aide to Edwards Will Write Tell-All Book,Regular
24 Spectacular Coincidences That Will Make You Question Reality,Clickbait
This Is What Happened When We Tried Out A Hot Sauce Made With Scorpion Peppers,Clickbait
"This Is The Hardest ""Degrassi"" Quiz You'll Ever Take",Clickbait
The Real Babies Of Hollywood,Clickbait
This Company May Have Just Created The Most Comfortable Men's Underwear,Clickbait
23 Things Every Music Nerd Will Find Funny,Clickbait
Should You Top Or Bottom Tonight,Clickbait
Jacobs Wants to See Burress Return to Giants,Regular
Several earthquakes shake Nevada,Regular
Facebook Places launches in UK,Regular
UK study claims men have higher average I.Q. than women,Regular
The Donald Trump Vs. Bernie Sanders Debate You Might Not Ever Get To See,Clickbait
Honest Confessions Of People Living With HIV,Clickbait
Exuberance in Taiwan as Ties With China Warm,Regular
22 Times The Internet Proved We're All In This Together,Clickbait
"11 Alternative ""25"" Album Art Covers",Clickbait
"Large earthquake hits Southern Peru, one killed",Regular
25 Times Ed Miliband Blessed Us In 2015,Clickbait
Everyone Else Can Just Give Up Because Nicki Minaj Has Won 2015 Already,Clickbait
What It Feels Like When Someone Calls Your BFF Their BFF,Clickbait
This Website Will Tell You If Your Favorite Bands Are Emo Or Not,Clickbait
Lewis Hamilton wins 2008 Monaco Grand Prix,Regular
Bones of a Mammoth possibly found in Silicon Valley,Regular
"Vick, Out of Prison, to Work With Humane Society",Regular
"Under New Chief, Another Shake-Up at Yahoo",Regular
British Adults Try Sweets From Their Childhoods,Clickbait
How Google Decides to Pull the Plug,Regular
We Tried To Get Away With Wearing Fancy Sweatpants Four Different Ways,Clickbait
Dozens of cats removed from feces-ridden New Jersey house,Regular
JetBlue flight attendant accused of cursing at passenger granted bail,Regular
Puerto Rico Just Opened Up The Dress Code For LGBTQ Students,Clickbait
What Are You Getting Rid Of In 2016,Clickbait
Sri Lanka Captures Rebel Stronghold,Regular
17 Things Humanity Ruined In 2015,Clickbait
New South Wales ALP loses support first time under premier Iemma,Regular
8 Pictures Of Calvin Harris Literally Just Buying Rugs,Clickbait
John Krasinski Talking About How Much He Loves Emily Blunt Will Destroy You,Clickbait
Which Alpha Bitch Are You Based On Your Zodiac Sign,Clickbait
Curvy Targeting Is Banned For Gmail Advertisers,Clickbait
"19 Reasons Why ""Elf"" Will Always Be Your Favorite Christmas Movie",Clickbait
"Do You Remember The Lyrics To ""Time After Time"" By Cyndi Lauper",Clickbait
15 Household Items You Need To Replace Right Now,Clickbait
21 Truths All Women Will Understand,Clickbait
How Many Of The Most Iconic Songs Of All Time Have You Heard,Clickbait
Here Are Magical Photos From Inside The Harry Potter Bar,Clickbait
A Green Way to Dump Low-Tech Electronics,Regular
Apple unveils iPod nano,Regular
Bush calls for expanding Federal authority,Regular
Britney Spears Continues To Perform While Having A Wardrobe Malfunction,Clickbait
"Threat to ships in Malacca Strait, says Singapore Navy",Regular
Which Of The Kids In The Hall Is Your Soulmate,Clickbait
UN official: DR Congo is ‘rape capital of the world’,Regular
20 Celebrities Who Made A Difference In 2015,Clickbait
A Growth Area for Law Firms: Bankruptcy,Regular
23 Reasons To Never Eat Breakfast,Clickbait
Tell Us How You Started Your Big Weight Loss Journey,Clickbait
14 Life-Changing Ways To Bake With Avocados,Clickbait
Obama withdraws from Trinity United Church,Regular
Post-Kyoto agreement is subject of G8 debate,Regular
19 Tweets About Tinder That'll Actually Make You Laugh,Clickbait
16 Pictures That Will Instantly Destroy Any Friendship,Clickbait
Medvedev to Bolster Military in Russia,Regular
Can You Guess Which Non-Princess Disney Gal Said It,Clickbait
Will You Be Fooled By These Basic Science Questions,Clickbait
Here's How To Actually Do A Killer Abs Workout In Just 15 Minutes,Clickbait
What Should You Bring To Your Friendsgiving,Clickbait
Two British servicemen killed in roadside bombing,Regular
Al Gore-owned cable news channel to relaunch August 1 with viewer-created content,Regular
Internet company offers organs from executed Chinese prisoners,Regular
"How Well Do You Really Know The ""Harry Potter"" Movies",Clickbait
Quake Death Toll Tops 280 in Italy,Regular
Pirate attack on Norwegian ship foiled by NATO forces,Regular
"Fire kills six, badly injures seven in Croatia",Regular
Wikinews interviews U.S. Libertarian presidential candidate Bob Jackson,Regular
"Google Puts Ads on Its News Site, Reviving Debate",Regular
"How Well Do You Know The Lyrics To ""Frosty The Snowman?""",Clickbait
America's Cup: seventh race postponed,Regular
24 Beauty Secrets You Should Really Know,Clickbait
51 Things That Happen When Your BFF Has Depression,Clickbait
Garry Kasparov retires from professional chess,Regular
Scottish woman on 'Britain's Got Talent' becomes YouTube sensation,Regular
"US state of Kansas in battle over ""Intelligent Design"" in education",Regular
Pop starlet Kylie Minogue has early-stage breast cancer,Regular
This Color Test Will Determine The Type Of Sex You Like,Clickbait
A Shake-Up at Shell,Regular
Do You Remember When People Thought Green M&M's Made You Horny,Clickbait
15 Super Bowl Snacks Worth Feasting On,Clickbait
Australian school at center of child-sex allegations pulls newsletter mentioning 'Penthouse' as recommended reading,Regular
"No Red Cape, or Red Ink, in South Korean Bullrings",Regular
"The Director Of ""American Hustle"" Has Responded To Jennifer Lawrence's Critique Of Pay Inequality",Clickbait
Brazilian Landless Workers Movement (MST) attacked in Minas Gerais,Regular
21 Weird Punishments People Actually Got When They Were Kids,Clickbait
"If ""Dragon Ball Z"" Characters Had Realistic Proportions",Clickbait
Four-Run Second Helps Virginia Eliminate Cal State Fullerton,Regular
What Moon Should You Move To,Clickbait
Imperfect immune systems help avoid autoimmune disease,Regular
That Thing When Your Hair Looks Amazing Right Before A Haircut,Clickbait
19 Conveniently Portable Items That Will Change Your Life,Clickbait
22 Stupidly Wonderful Halloween Costumes You Can Actually Buy,Clickbait
"Without Gas, Bulgarians Turn Icy to Old Ally",Regular
29 Tweets That Every Single Hairdresser Will Relate To,Clickbait
21 Photos Of Green Mangoes That'll Make You Drool,Clickbait
21 Life-Changing Products That Can Actually Make Your Skin Better,Clickbait
Wife Withdrew $15.5 Million Before Madoff Arrest,Regular
Here's How To Try Black Tap Milkshakes Without Spending $15,Clickbait
29 Of The Most WTF Moments From The 2016 BAFTAs,Clickbait
Time Warner/Comcast bid to snap up Adelphia cable service,Regular
What's The Weirdest Sex Toy You've Ever Seen,Clickbait
Opposition Wins Presidency in Mongolia,Regular
"One of Great Britain's ""most wanted"" criminals arrested in the Netherlands",Regular
Happy Gilmore Was On to Something,Regular
The Disco Ball Is Having A Moment And There's Nothing You Can Do About It,Clickbait
Can You Name These '90s WWF Superstars,Clickbait
"12 ""Harry Potter"" Quotes That Could Totally Be About Your Desi Life",Clickbait
19 Hilarious Tweets About Christmas,Clickbait
"Parents Are Irate Over A Children's Book Called ""Do You Want To Play With My Balls?""",Clickbait
"2008 Taipei International Book Exhibition: More events, more visitors in the weekend",Regular
Tom Hardy's Wife Revealed She's Pregnant At His Movie Premiere,Clickbait
16 Vines Only People Who Smoke Will Understand,Clickbait
Which British Celebrity Should You Invite To Thanksgiving,Clickbait
For Everyone Who Is Obsessed With Daryl's Arms,Clickbait
16 Things Lady Gaga Looked Like During Her Super Bowl Performance,Clickbait
"Magnitude 3.6 earthquake shakes Washington, D.C.",Regular
Adele Went Makeup-Free On The Cover Of Rolling Stone And Looks Incredible,Clickbait
Hurricane Dean is upgraded to a Category 2 storm,Regular
British Airways give medals to Flight 38's crew,Regular
12 Creative Ways To Use Selfie Sticks,Clickbait
"Anti-censorship developers targeting China's ""Great Firewall""",Regular
For-Profit Approach to World News at GlobalPost,Regular
16 Times Britain Confused The Hell Out Of Rest Of The World In 2015,Clickbait
"As Boom Town Busts, a Brief Political Movement Fades Away",Regular
31 Things You Need To Cook In October,Clickbait
Reese Witherspoon Just Called Out Hollywood Ageism And Sexism And It Was Beautiful,Clickbait
Watch These Lesbians Give Gay Men Wardrobe Makeovers,Clickbait
8 Struggles Of Having A Tall Boyfriend,Clickbait
Interpol on the hunt for 'Dr. Death',Regular
Use of Web Tracking Tool Raises Privacy Issue in Britain,Regular
11 Tragic Everyday Disappointments,Clickbait
First Death for Washington Assisted-Suicide Law,Regular
"Cloned cattle's milk and meat seem safe, according to new study",Regular
Military plane crashes in Chilean Juan Fernández Archipelago; reports say no survivors,Regular
These Kahlua Fudge Brownies Just Want To Be Loved,Clickbait
"Hair Salons Are Now Offering ""Quiet Chairs"" For People Who Hate Talking",Clickbait
"Remembering Jenkem, The Greatest Internet Hoax",Clickbait
The Winners And Losers Of Asian Representation In Hollywood In 2015,Clickbait
Sports Industry Tries to Bring the Living Room to the Game,Regular
22 Times Tina Fey And Amy Poehler Shut Down Sexism In The Best Damn Way,Clickbait
Former first lady of India Janaki Venkataraman dies at 89,Regular
Southwest Airlines flight diverts due to 'rapid decompression in the cabin',Regular
Late-Breaking Madness as Cleveland State Upsets Wake Forest,Regular
Which Celebrity Hair Flip Are You Based On Your Favorite Viral Sensation,Clickbait
Colton Haynes Just Out-Halloweened Himself By Dressing Up As Ursula,Clickbait
Religious broadcaster Pat Robertson calls for assassination of Venezuela's president,Regular
"11 Celebrities Wearing Iron Maiden T-Shirts, Ranked By How Likely It Is That They've Actually Listened To Iron Maiden",Clickbait
Magnitude 5.3 earthquake strikes Taiwan,Regular
"If ""Harry Potter"" Characters Had Instagram In The '90s",Clickbait
Where Is The Best Taco You've Ever Had In Your Life,Clickbait
Iraqi government to investigate Saddam video,Regular
Typhoon Ketsana reaches Cambodia; up to eleven people killed,Regular
Pro-Sharif Demonstrations Spread Across Punjab,Regular
Pick A Doodle To Determine What You Need To Do This Weekend,Clickbait
Iraqi Goalie Killed in Victory Shooting,Regular
The Way This Guy Reacts To Finding His Pug In The Trash Can Is Too Cute For Life,Clickbait
Homeopathy proponents jailed for allowing daughter to die,Regular
15 Reasons Papa Pope Would Be The Perfect Professor At A Black College,Clickbait
Cardinals Advance to First Super Bowl,Regular
31 Decadent Apple Desserts That Will Make You Swoon,Clickbait
"21 Times ""Home Alone"" Proved Adults Are The Absolute Worst",Clickbait
Which Justin Bieber Song Is Your Life Anthem Based On Your Zodiac Sign,Clickbait
"Would You Be Accepted Into The KKT Sorority From ""Scream Queens""",Clickbait
13 Incredibly Useful Tips Every Spotify User Should Know,Clickbait
18 Times #GrowingUpTheOldestChild Was Way Too Real,Clickbait
Weir Surrenders Early Lead as Glover Charges,Regular
"Zanu-PF attempts to reassign Zimbabwean ministries, MDC angered",Regular
No Simple Route for Flight Delay Information,Regular
"Volatile stock market, credit woes persist",Regular
Airbus offers funding to search for black boxes from Air France disaster,Regular
Summers Says Stimulus Plan on Track Despite Job Losses,Regular
John Reid: Iraq does radicalise some Muslim youth,Regular
Judah Friedlander's Opinion On 15 Random Things,Clickbait
John Maine Is Latest Mets Starter to Have a Shaky Outing,Regular
Which Disney Quote Do You Need To Hear Today,Clickbait
"How Well Do You Remember The ""Sex And The City"" Finale",Clickbait
Voyager 1 enters heliosheath at edge of solar system,Regular
Florida wins BCS National Championship Game over Oklahoma,Regular
27 Brilliant Books You Must Read This Winter,Clickbait
Amber Rose Had A Lot To Say About Kanye After Their Twitter War,Clickbait
South Africans Euthanize Dozens of Beached Whales,Regular
22 Of Kourtney Kardashian's Deepest Thoughts,Clickbait
"Ruby Rose And Nina Dobrev Are Slated To Join Deepika Padukone In ""XXX: The Return Of Xander Cage""",Clickbait
Apple users criticize lack of FireWire port on MacBook,Regular
Five dead after continuing violence in Nigeria,Regular
Watch These Couples Kiss In Slow Motion And Get Sexually Awakened,Clickbait
31 Very Real San Francisco Problems,Clickbait
Tourists struggle to escape as Bangkok airport blockades enter sixth day,Regular
Oklahoma trooper on leave after altercation with ambulance personnel,Regular
Baseball Investigators to Meet With Alex Rodriguez on Sunday,Regular
Threats Ratchet Up Tension in French Labor Disputes,Regular
22 Signs You're Obsessed With Venmo,Clickbait
"Fighting Deadly Flu, Mexico Shuts Schools",Regular
A Photo Of Demi Lovato Has Now Become A Huge Meme Called Poot,Clickbait
Tarja Turunen to perform at Doro Pesch's 25th anniversary concert and record duets with her,Regular
Big shoes to fill at eBay,Regular
Can You Identify Celebrities When They Don't Have Faces,Clickbait
Gas Deal in Europe Is Undone and Redone,Regular
17 Amazing Products That Actually Worked For These People With Curly Hair,Clickbait
Israeli court orders controversial wall rerouted,Regular
11 Of Your Favorite Actors' Very First Headshots,Clickbait
Bomb blast damages buildings in Athens,Regular
Fiat Nearing a Deal for Chrysler Stake,Regular
Memphis Uses Size and Speed to Overpower Maryland,Regular
Fiji's President abrogates constitution,Regular
We Know Exactly Where You Live,Clickbait
How Many '90s Premier League Managers Can You Name,Clickbait
"The Triumphs And Mistakes That Got J.J. Abrams Ready For ""Star Wars""",Clickbait
Abramoff begins prison sentence,Regular
Selena Gomez Had The Cutest Reaction To Taylor Swift Winning A Grammy,Clickbait
General Says Shoot Dealers in Afghanistan,Regular
Iraqi violence may restrict elections,Regular
"Study says to clean your sponge, microwave it",Regular
"MPAA launches seven lawsuits against torrent, ed2k and usenet sites",Regular
Pakistan Says 124 Arrested in Mumbai Investigation,Regular
Washington Monument evacuated due to false bomb threat,Regular
Demonstrators clash with police in Algeria after slum protest,Regular
20 Ridiculously Awesome Pieces Of Furniture You Wish You Could Afford,Clickbait
Triathletes from Belgium and Luxembourg compete in championship race,Regular
"FBI arrests four in alleged plot to bomb Bronx synagogues, shoot down plane",Regular
What Are Your Best Tips For Keeping The Weight Off,Clickbait
SpaceX rocket successfully orbits on fourth attempt,Regular
The 37 Most Important Puppy Pictures Of 2015,Clickbait
Are You More Gordon Ramsay Or Nigella Lawson,Clickbait
Can You Make It Through This Simple Yes Or No Quiz About Movie Quotes,Clickbait
19 Dinosaur Things You Need In Your Life Right Now,Clickbait
Ice Hockey: Claude Giroux scores overtime goal to lift Flyers to victory in Game 3 of the 2010 Stanley Cup Finals,Regular
North Korea Threatens to Withdraw Incentives for South Korean Companies at Joint Industrial Site,Regular
See The World Through The Eyes Of A Legally Blind Man,Clickbait
This Is What Dating Looks Like Early On Vs. After A Long Time,Clickbait
What's The Best Song To Have Sex To,Clickbait
American Beauty As Told By Miss America Winners,Clickbait
Going Home For Thanksgiving Expectations Vs. Reality,Clickbait
"Car bomb attack in Iraqi town, at least two dead and 45 injured",Regular
Should You Actually Move To Canada,Clickbait
Iran to launch its first nuclear power plant,Regular
"Wikinews interviews Jim Babka, chair of Libertarian organization Downsize DC",Regular
Decline in PC Orders Leads to Microsoft Layoffs,Regular
17 Awkward Moments When You're A Jew On Christmas,Clickbait
"17 Weird, Gross, Hilarious Things Everyone On Their School Football Team Did Together",Clickbait
Can You Identify The 2015 Hit Song From Just One Lyric,Clickbait
"17 Images That Perfectly Sum Up Life In Really, Really Cold Weather",Clickbait
Scotland's First Minister does comedy sketch for charity,Regular
Are You Bart Or Lisa,Clickbait
14 Star Wars-Themed Church Signs For The Jedi In All Of Us,Clickbait
"This Is What $1,000 A Month In Rent Would Get You All Around The U.S",Clickbait
Baseball: Oakland Athletics defeat LA Angels 10 to 4,Regular
What Would You Taste Like,Clickbait
Can You Find Your Way Out Of This Haunted House,Clickbait
Tom Cruise spoofed in film 'Superhero Movie',Regular
Are You More Justin Bieber Or One Direction,Clickbait
"How Well Do You Know The Lyrics To ""Rudolph The Red-Nosed Reindeer""",Clickbait
Couples Can Actually Rent This Couple's Home For Free Through Airbnb,Clickbait
Bali Defies Fatwa on Yoga,Regular
These New Horror Movies Will Make You Scared Of Your Mom And Grandma,Clickbait
Democratic Party reaches deal over Florida and Michigan,Regular
Scottish Court Hears Appeal in 1988 Blast on Jetliner,Regular
Here's Why Kermit and Miss Piggy Actually Broke Up,Clickbait
"In Mexico, Obama Seeks Curbs on Arms Sales",Regular
"Futures Game Is Delayed, but Japanese Prospect Is Ahead of Schedule",Regular
"At the Garden, a Reminder of Why the Game Matters",Regular
Blu-ray prevails in high definition disc war,Regular
This Is What Happens When You're A Black Girl Who Can't Dance,Clickbait
Over two million people displaced by flooding in India,Regular
18 Fabulous Reasons Regina George Is Perfect The Role Model,Clickbait
Siena Defeats Niagara to Claim N.C.A.A. Bid,Regular
Snow storm hits Arizona and New Mexico,Regular
Grand Jury Investigates Los Angeles Priest Cases,Regular
"Bank Stress Tests May Not Be a Big Deal, After All",Regular
Coordinated terrorist attack hits London,Regular
Former rugby union commentator Bill McLaren dies at age 86,Regular
17 Solutions That Were Too Good To Be True,Clickbait
"Ice Cube, Kevin Hart, And Conan Might Be The Worst Driving Instructors",Clickbait
"This Is What ""The Powerpuff Girls"" Voice Actors Look Like IRL",Clickbait
22 Delicious Ways To Bring In 2016 With A Bang,Clickbait
Women Got Transformed Into Telenovela Stars And Looked Dramatic AF,Clickbait
15 Smart Dollar Store Ideas To Declutter Your Kitchen,Clickbait
What's Mom Sharing Now,Clickbait
Robin Hood Event Adjusts to Tough Times,Regular
15 Powerful Cocktails Guaranteed To Get You Through The Holidays,Clickbait
Suicide Bomber Kills 30 in Baghdad Pilgrimage Attack,Regular
Morgan Tsvangirai returns to Zimbabwe,Regular
What It Was Like Being A New York Mets Fan In 2015,Clickbait
"Over 70 businesses in Bristol, United Kingdom given zero star rating for food hygiene",Regular
"This ""50 Shades"" Twitter Account Is The One Every Nerd Has Been Waiting For",Clickbait
Drake's Mom Was Extra Adorable At Her Birthday Celebration Last Night,Clickbait
Bomb hits northwestern Pakistan; at least 30 killed,Regular
"How Well Do You Know The Lyrics To ""Cake By The Ocean"" By DNCE",Clickbait
19 Things You'll Understand If You're Slightly Obsessed With Masturbating,Clickbait
"With Top Pick, Islanders Choose Goal Scorer in Tavares",Regular
Suspicions of nepotism arise from pulping of new Australian industrial relations information booklets,Regular
Seabrook city councilman takes heat for words,Regular
Japan's Supreme Court invalidates distinctions on nationality,Regular
24 Beautiful Little Phrases To Tattoo On Yourself,Clickbait
15 Reasons Arjun Kapoor Is The Perfect Man,Clickbait
Thoughts You Have While Waiting To Get Tested,Clickbait
US flag burning amendment approved by House,Regular
